PlayerID,TOION,TOIOFF,TOI%,TOI60
0.0,0.07055555555555555,,,
8448208.0,20.15166666666666,43.613888888888894,0.3160274617086897,18.961647702521383
8457981.0,14.214722222222221,44.88583333333332,0.24051757362686949,14.431054417612168
8458537.0,13.177222222222225,45.98583333333334,0.2227272087028786,13.363632522172717
8458951.0,19.361666666666665,45.264166666666654,0.2995963946306302,17.97578367783781
8459442.0,15.624444444444446,45.653333333333336,0.25497733454215776,15.298640072529466
8459444.0,11.399999999999999,35.696944444444426,0.24205391951589222,14.523235170953534
8459628.0,1.557777777777778,3.836388888888888,0.2887893300375921,17.327359802255526
8459670.0,17.82944444444445,46.77611111111111,0.27597385845730504,16.558431507438303
8460492.0,7.747222222222224,22.26833333333333,0.2581069075294292,15.486414451765754
8460496.0,13.107222222222221,43.17194444444443,0.23289652279065182,13.973791367439109
8460542.0,12.959722222222222,37.49472222222222,0.2568598735933405,15.411592415600431
8460621.0,14.83138888888889,40.70527777777776,0.2670557989716505,16.02334793829903
8460626.0,10.538611111111111,21.460555555555555,0.32934017378924796,19.760410427354877
8460720.0,2.3474999999999997,15.253611111111107,0.1333722618521558,8.002335711129348
8462038.0,17.585833333333326,37.79583333333334,0.3175388967468174,19.052333804809045
8462041.0,9.272222222222222,38.993888888888875,0.1921062627332267,11.526375763993602
8462042.0,22.66083333333334,52.445277777777775,0.30171756995658,18.1030541973948
8462129.0,13.839444444444448,50.50222222222223,0.21509303630790486,12.905582178474292
8462196.0,11.190833333333334,22.27166666666667,0.33442908728676374,20.065745237205824
8464956.0,16.31277777777778,38.10805555555555,0.2997524436617921,17.985146619707525
8464966.0,17.220277777777774,33.3752777777778,0.340351589950808,20.42109539704848
8464975.0,14.71027777777778,53.049722222222236,0.2170938278892824,13.025629673356944
8464977.0,19.118611111111104,44.64694444444443,0.2998266218264824,17.989597309588945
8464981.0,13.256111111111114,30.286666666666665,0.30443880219962494,18.266328131977495
8464989.0,15.830833333333333,47.122499999999995,0.25146934237000956,15.088160542200574
8465009.0,27.378055555555566,47.038888888888884,0.36790082903759236,22.074049742255543
8465025.0,0.7469444444444445,4.204166666666667,0.15086400359066426,9.051840215439857
8465058.0,14.864166666666664,33.71027777777778,0.3060079602900473,18.360477617402836
8465166.0,13.969444444444441,61.297777777777775,0.185597980528635,11.135878831718099
8465185.0,25.694722222222214,48.527777777777764,0.3461850816426585,20.77110489855951
8465202.0,16.141666666666666,42.16361111111112,0.2768474361478615,16.61084616887169
8465914.0,15.478333333333332,33.31805555555555,0.3172024341509788,19.032146049058728
8465951.0,18.90361111111111,52.95555555555555,0.26306471377269586,15.78388282636175
8465978.0,11.03416666666667,52.52055555555556,0.17361678693339513,10.417007216003707
8466138.0,20.853055555555557,51.835277777777776,0.28688311589052196,17.21298695343132
8466139.0,21.224722222222212,51.46361111111111,0.2919962702252385,17.51977621351431
8466140.0,19.13555555555555,46.231388888888894,0.29274055439166063,17.564433263499637
8466142.0,20.117777777777775,44.69944444444445,0.31037704313839765,18.62262258830386
8466148.0,21.78416666666667,53.863055555555555,0.2879704769948225,17.278228619689347
8466149.0,9.304444444444444,31.32972222222222,0.22898081116739472,13.738848670043684
8466158.0,16.219444444444445,34.760000000000005,0.31815655547442867,19.08939332846572
8466160.0,13.352777777777778,45.67277777777778,0.22622028123411705,13.573216874047024
8466182.0,17.459444444444443,34.39166666666667,0.33672266746667806,20.203360048000683
8466215.0,6.246111111111111,14.01,0.3083568744686103,18.50141246811662
8466251.0,17.0825,47.71500000000002,0.2636289980323314,15.817739881939886
8466285.0,27.150833333333324,38.266111111111115,0.4150428235973519,24.902569415841114
8466309.0,1.2569444444444446,4.015277777777778,0.23840885142255006,14.304531085353004
8466333.0,20.034166666666668,34.94361111111109,0.36440481002425235,21.86428860145514
8466378.0,26.420277777777777,58.11027777777778,0.3125529887285991,18.753179323715948
8466393.0,9.261944444444442,20.932499999999997,0.3067433302667893,18.40459981600736
8467096.0,22.76944444444444,44.26111111111112,0.33968753885044123,20.381252331026474
8467329.0,15.121111111111109,44.26611111111109,0.25461893224318743,15.277135934591247
8467330.0,19.146111111111107,51.208611111111104,0.27213683042676595,16.328209825605956
8467331.0,18.687222222222232,36.85583333333335,0.3364457002825636,20.186742016953815
8467332.0,19.913055555555555,43.37416666666667,0.3146457508536917,18.8787450512215
8467334.0,10.96305555555555,44.35888888888888,0.19816829769179398,11.89009786150764
8467336.0,1.3505555555555557,8.94361111111111,0.1311962006530128,7.871772039180768
8467338.0,3.4552777777777783,9.105555555555556,0.2750834826068688,16.50500895641213
8467344.0,22.25833333333334,45.572222222222216,0.328146115729555,19.6887669437733
8467351.0,8.78111111111111,27.99416666666668,0.23877756040818476,14.326653624491087
8467365.0,8.01888888888889,19.74083333333333,0.28886776404663034,17.33206584279782
8467370.0,18.361111111111114,43.21972222222221,0.298162758073174,17.88976548439044
8467371.0,18.47083333333333,46.27555555555557,0.28527974533114236,17.11678471986854
8467389.0,24.381944444444454,61.89277777777777,0.28260820569949363,16.956492341969618
8467396.0,15.783611111111108,45.880833333333335,0.2559596742224945,15.35758045334967
8467400.0,23.26638888888889,41.00333333333333,0.3620116609255266,21.720699655531597
8467407.0,23.06888888888889,54.757777777777804,0.2964136828279366,17.784820969676197
8467423.0,14.45722222222222,50.783055555555556,0.22159964234773166,13.2959785408639
8467428.0,5.39277777777778,38.01583333333332,0.12423290309782373,7.4539741858694235
8467452.0,16.801944444444437,35.503333333333345,0.32122847173909563,19.27370830434574
8467463.0,3.3872222222222224,16.50138888888889,0.17030964119610612,10.218578471766367
8467493.0,14.10472222222222,44.73805555555555,0.23970184200836503,14.382110520501902
8467496.0,28.581111111111106,49.13611111111113,0.3677577542515243,22.065465255091457
8467514.0,12.86555555555556,27.391666666666666,0.3195837875881485,19.17502725528891
8467545.0,17.055555555555554,46.710000000000015,0.26747286065273823,16.048371639164294
8467831.0,9.464166666666666,46.31361111111111,0.16967629482071714,10.180577689243028
8467875.0,17.557777777777773,38.42749999999999,0.3136141942078027,18.81685165246816
8467876.0,16.669444444444444,36.790833333333346,0.31180991078526626,18.708594647115977
8467881.0,9.934444444444445,35.193333333333335,0.22014034223808937,13.208420534285363
8467890.0,21.763055555555557,46.67999999999999,0.3179731731569229,19.078390389415375
8467899.0,10.163333333333336,30.318611111111117,0.25105842796857314,15.063505678114389
8467910.0,0.5047222222222222,1.254722222222222,0.28686454057467636,17.211872434480583
8467917.0,7.920277777777779,18.812499999999996,0.2962758993329039,17.776553959974233
8467925.0,9.802777777777779,57.22166666666665,0.146256755412619,8.775405324757141
8467931.0,10.065833333333337,31.37777777777778,0.24288021877115498,14.572813126269299
8467967.0,11.770555555555557,35.6961111111111,0.2479751872659177,14.878511235955061
8467977.0,8.453888888888885,53.00694444444446,0.13754920703790574,8.252952422274344
8467988.0,9.845555555555555,34.96805555555556,0.2197001159122042,13.182006954732252
8468001.0,11.785833333333336,47.88472222222223,0.19751505953988102,11.85090357239286
8468064.0,13.83361111111111,40.70277777777778,0.2536583626630537,15.219501759783222
8468083.0,12.189722222222223,25.35361111111111,0.3246840687797804,19.481044126786824
8468085.0,18.639999999999997,45.73694444444443,0.2895446523729596,17.372679142377578
8468095.0,1.6241666666666665,15.241111111111113,0.09630239644239477,5.778143786543686
8468101.0,2.85,6.094722222222223,0.318623645228409,19.11741871370454
8468114.0,10.590277777777775,33.60777777777777,0.23960958564039395,14.376575138423636
8468162.0,1.8308333333333333,11.723333333333333,0.1350753150937596,8.104518905625577
8468208.0,16.543055555555547,48.254444444444445,0.25530391690351556,15.318235014210934
8468309.0,24.5661111111111,44.12611111111109,0.3576258026947899,21.45754816168739
8468478.0,21.611666666666668,49.91083333333333,0.3021659850629756,18.129959103778535
8468482.0,16.95916666666667,53.092777777777776,0.24209416028581968,14.525649617149181
8468483.0,14.966111111111108,38.82833333333333,0.2782092326758236,16.692553960549414
8468484.0,5.493333333333333,14.63722222222222,0.27288533186145997,16.3731199116876
8468485.0,1.8483333333333334,7.496111111111112,0.1978002378121284,11.868014268727705
8468486.0,18.801666666666666,46.76444444444446,0.2867589117006583,17.2055347020395
8468493.0,24.304166666666667,41.10166666666666,0.3715901996508976,22.295411979053856
8468498.0,21.83083333333334,39.054166666666674,0.35855848457474476,21.513509074484684
8468501.0,11.167777777777777,31.257500000000007,0.2632340520261112,15.794043121566673
8468504.0,17.864999999999995,44.32416666666666,0.2872686829163707,17.236120974982242
8468505.0,20.460833333333333,51.10249999999999,0.28591224556337047,17.15473473380223
8468508.0,24.441666666666674,61.05305555555555,0.2858850936217636,17.15310561730582
8468509.0,23.287500000000005,42.44527777777777,0.3542753065864317,21.2565183951859
8468513.0,15.888611111111114,38.43972222222222,0.29245533842582655,17.547320305549594
8468518.0,10.133611111111112,29.46111111111111,0.2559333805712041,15.356002834272248
8468526.0,21.123611111111106,61.14083333333335,0.2567769253626515,15.40661552175909
8468535.0,18.723055555555558,47.3586111111111,0.28333207226748053,16.99992433604883
8468542.0,15.455555555555556,26.131944444444443,0.371639448285075,22.2983668971045
8468575.0,16.578055555555554,62.75250000000001,0.20897440386568153,12.538464231940893
8468598.0,5.875833333333333,12.266388888888887,0.32387616364527194,19.432569818716317
8468611.0,12.761944444444442,48.88305555555555,0.20702318832743033,12.42139129964582
8468635.0,10.000555555555554,44.42805555555556,0.18373710721995679,11.024226433197407
8468639.0,10.8325,21.515,0.334879047839864,20.092742870391838
8468674.0,10.767500000000002,33.32138888888889,0.24422253024193552,14.653351814516132
8468700.0,13.615833333333331,47.309166666666655,0.2234851593489263,13.409109560935578
8468745.0,2.7777777777777777,11.943888888888887,0.18868636552322732,11.321181931393639
8468778.0,4.737222222222222,37.50861111111112,0.11213466153795572,6.728079692277343
8469455.0,16.895,41.447777777777794,0.2895816867745221,17.37490120647133
8469457.0,5.1241666666666665,14.979444444444447,0.254887872549155,15.293272352949302
8469459.0,19.39583333333333,43.75277777777777,0.3071458420392812,18.42875052235687
8469460.0,5.878611111111112,20.369722222222233,0.2239613097127859,13.437678582767155
8469462.0,15.91,45.061388888888885,0.2609420629894714,15.656523779368285
8469465.0,22.98388888888889,37.579444444444434,0.37950171537600685,22.77010292256041
8469466.0,15.873055555555553,42.41305555555557,0.2723299814135251,16.339798884811508
8469467.0,5.388888888888888,20.271388888888882,0.2100089849204889,12.600539095229333
8469469.0,16.20694444444445,45.185833333333335,0.26398780167772185,15.839268100663311
8469470.0,5.729444444444445,14.26333333333333,0.28657570789451753,17.194542473671053
8469473.0,16.96111111111111,48.68361111111112,0.2583773765344594,15.502642592067565
8469476.0,13.686666666666671,31.515833333333333,0.3027856128901426,18.167136773408558
8469483.0,0.9897222222222221,3.9822222222222217,0.19906140007821665,11.943684004692999
8469485.0,14.31388888888889,49.3213888888889,0.22493637788263846,13.496182672958307
8469490.0,4.291111111111111,24.40944444444444,0.14951317241245818,8.97079034474749
8469492.0,19.537777777777784,37.784166666666664,0.34084289999466955,20.450573999680174
8469500.0,15.97916666666667,34.60250000000002,0.3159082671587201,18.954496029523206
8469501.0,8.213888888888892,35.92527777777779,0.18609071056821544,11.165442634092926
8469506.0,22.269444444444453,54.48027777777778,0.29015667809148793,17.409400685489274
8469508.0,14.551111111111112,49.07361111111111,0.2287021554339901,13.722129326039406
8469521.0,22.882500000000004,55.09916666666666,0.293434354228558,17.60606125371348
8469531.0,16.380277777777778,38.40777777777777,0.29897534438264634,17.93852066295878
8469542.0,4.573888888888888,26.261388888888895,0.1483329880097651,8.899979280585907
8469544.0,25.516944444444434,58.37777777777777,0.3041543468831637,18.24926081298982
8469547.0,1.3102777777777777,7.513055555555556,0.1485014481803299,8.910086890819795
8469555.0,22.56305555555555,41.09861111111112,0.3544213768969639,21.265282613817835
8469591.0,6.861666666666668,37.73305555555555,0.15386723640689923,9.232034184413953
8469598.0,21.49638888888889,36.62444444444446,0.36985685951203184,22.19141157072191
8469619.0,10.557499999999996,17.58277777777777,0.3751739795666551,22.510438773999304
8469622.0,9.411111111111111,23.943333333333328,0.28215463539758157,16.929278123854893
8469623.0,22.818611111111096,40.08111111111112,0.3627776133969853,21.766656803819117
8469626.0,1.165,6.343055555555556,0.15516667283288318,9.310000369972991
8469638.0,19.94277777777777,54.44555555555556,0.26809012763351475,16.085407658010887
8469639.0,10.610277777777778,29.059166666666677,0.26746726419718503,16.048035851831102
8469664.0,15.63472222222222,47.82472222222222,0.24637344935960845,14.782406961576507
8469665.0,28.09805555555555,51.60416666666667,0.35253791892042596,21.15227513522556
8469707.0,14.36972222222222,35.78555555555555,0.28650468821825553,17.19028129309533
8469752.0,0.45444444444444443,2.1533333333333333,0.17426501917341286,10.455901150404772
8469759.0,14.807777777777781,50.139722222222225,0.22799611652146395,13.679766991287837
8469760.0,16.78111111111111,30.73444444444444,0.35317089140398467,21.19025348423908
8469770.0,12.935555555555558,23.188055555555554,0.35809142988965365,21.48548579337922
8469779.0,0.38805555555555554,1.1555555555555557,0.2513946373942775,15.08367824365665
8469798.0,0.25722222222222224,0.5836111111111111,0.30591344565576484,18.35480673934589
8469820.0,6.72388888888889,40.67055555555555,0.14187082405345214,8.512249443207129
8469992.0,11.591111111111106,35.15194444444444,0.24797504085574204,14.878502451344522
8470018.0,6.725833333333331,33.398611111111116,0.16762433540097468,10.057460124058482
8470039.0,17.241944444444446,46.615,0.2700089175022294,16.200535050133762
8470041.0,19.98666666666666,53.104722222222215,0.2734476245491755,16.406857472950527
8470047.0,19.447500000000012,43.72472222222221,0.30784891390379054,18.47093483422743
8470054.0,9.433055555555557,29.770000000000003,0.24062041649247864,14.437224989548719
8470063.0,2.1325,10.235277777777778,0.17242386128829393,10.345431677297636
8470065.0,0.7105555555555555,4.2524999999999995,0.14316897072815807,8.590138243689484
8470085.0,12.488333333333335,28.14833333333333,0.3073168731031089,18.439012386186533
8470104.0,20.989999999999995,37.32416666666667,0.3599468396758934,21.596810380553606
8470105.0,16.03388888888889,44.44111111111111,0.26513251573193697,15.907950943916218
8470110.0,20.18972222222222,37.55944444444445,0.34961062449193586,20.976637469516152
8470120.0,16.11305555555556,35.34194444444445,0.3131484900506376,18.788909403038257
8470121.0,11.8325,34.16694444444445,0.2572313675285933,15.4338820517156
8470123.0,1.9199999999999995,17.22972222222222,0.10026255095084058,6.015753057050435
8470144.0,15.256666666666664,46.40194444444446,0.24743772835190173,14.846263701114104
8470151.0,26.32722222222223,44.665000000000006,0.3708465716119137,22.250794296714822
8470153.0,5.452222222222221,16.663055555555548,0.24653645669785848,14.792187401871509
8470156.0,1.840833333333333,5.618055555555555,0.24679725904960523,14.807835542976314
8470159.0,13.69611111111111,43.87250000000001,0.23790935453830447,14.274561272298268
8470162.0,15.62138888888889,35.386944444444445,0.30625170179164624,18.375102107498773
8470169.0,15.395277777777778,63.16277777777779,0.19597325403364105,11.758395242018462
8470171.0,19.227499999999992,51.76861111111112,0.27082469305830514,16.24948158349831
8470176.0,13.721388888888889,35.34611111111111,0.2796431220031363,16.778587320188176
8470180.0,16.75861111111111,48.05222222222222,0.2585773126063458,15.514638756380748
8470187.0,25.674166666666665,47.14055555555556,0.352595819679323,21.155749180759383
8470189.0,0.095,0.8191666666666667,0.10391978122151321,6.235186873290793
8470201.0,18.08444444444444,42.352777777777774,0.2992269296882899,17.953615781297394
8470207.0,17.191944444444445,38.427222222222206,0.3091010792642425,18.54606475585455
8470222.0,21.47944444444445,41.53388888888888,0.3408714205106504,20.452285230639024
8470230.0,12.634722222222225,53.221666666666664,0.1918526423235745,11.511158539414469
8470232.0,0.3438888888888889,2.716944444444444,0.11235139304837101,6.74108358290226
8470257.0,17.993611111111118,41.76777777777778,0.30109091247135605,18.065454748281365
8470268.0,1.426111111111111,3.806111111111111,0.27256317689530685,16.35379061371841
8470274.0,18.221944444444446,41.49055555555556,0.30516130532877445,18.309678319726466
8470280.0,0.7322222222222221,4.196944444444445,0.14854888701042543,8.912933220625526
8470281.0,30.395555555555553,50.982777777777784,0.3735091923184577,22.410551539107463
8470289.0,3.803611111111111,16.711944444444445,0.18540132149046795,11.124079289428078
8470302.0,15.381111111111107,44.14972222222222,0.25837217874957413,15.502330724974447
8470309.0,1.7097222222222221,3.660833333333333,0.3183510913416779,19.101065480500672
8470310.0,5.195000000000001,15.75777777777778,0.24793848601352247,14.87630916081135
8470317.0,17.584444444444443,42.64444444444443,0.29196029959783054,17.517617975869832
8470318.0,13.02527777777778,23.722777777777786,0.3544480811531978,21.26688486919187
8470324.0,23.945277777777772,42.50083333333331,0.36037139536633706,21.622283721980224
8470358.0,10.271388888888888,26.446944444444448,0.27973461637389735,16.78407698243384
8470366.0,0.14972222222222223,0.7047222222222222,0.17522756827048114,10.51365409622887
8470378.0,21.844444444444456,46.92444444444446,0.3176501001744976,19.059006010469854
8470543.0,21.96277777777777,50.09805555555556,0.30478106846453024,18.286864107871814
8470595.0,20.03472222222223,43.661944444444444,0.31453329146824366,18.87199748809462
8470596.0,7.473888888888887,19.382499999999997,0.27829090946702106,16.697454568021264
8470598.0,22.09305555555556,51.763333333333335,0.2991353339626829,17.948120037760972
8470599.0,17.687499999999996,46.41694444444447,0.275916906437411,16.55501438624466
8470600.0,34.596388888888896,42.15333333333335,0.4507689133873086,27.046134803238516
8470601.0,25.617500000000003,43.0747222222222,0.3729315950374458,22.375895702246748
8470602.0,21.20444444444445,41.579166666666666,0.3377385287207827,20.264311723246962
8470604.0,21.155833333333337,56.21944444444445,0.27341851222935837,16.405110733761504
8470606.0,22.59527777777777,60.514444444444415,0.27187285883788165,16.312371530272898
8470607.0,28.604722222222225,52.4827777777778,0.35276364695202367,21.16581881712142
8470609.0,14.233333333333329,46.85944444444444,0.23297898460447222,13.978739076268333
8470610.0,19.69222222222222,44.83888888888889,0.3051585798409036,18.309514790454216
8470611.0,15.223333333333334,42.272499999999994,0.26477280962388583,15.88636857743315
8470612.0,21.57027777777778,48.947499999999984,0.30588425298585076,18.353055179151045
8470613.0,17.636666666666667,44.26027777777776,0.284935982300329,17.09615893801974
8470614.0,17.72805555555556,36.86222222222223,0.3247474875969979,19.484849255819874
8470616.0,18.54666666666667,40.48333333333333,0.3141905245920154,18.851431475520926
8470617.0,20.900555555555552,64.5941666666667,0.24446603266608388,14.667961959965034
8470619.0,18.20916666666667,68.06555555555553,0.21106027579856343,12.663616547913806
8470621.0,22.476111111111102,50.887222222222235,0.3063670922501399,18.382025535008395
8470622.0,4.625277777777779,19.30888888888889,0.19325000290147745,11.595000174088646
8470626.0,15.718611111111114,45.1238888888889,0.258349198522597,15.500951911355822
8470630.0,24.750277777777775,57.38138888888889,0.3013487827810359,18.080926966862155
8470638.0,21.03055555555556,55.767777777777795,0.27384130153287467,16.430478091972482
8470640.0,25.03055555555555,43.95000000000001,0.36286393105947723,21.771835863568633
8470642.0,26.506111111111096,38.32222222222222,0.40886615077426697,24.53196904645602
8470644.0,12.974166666666665,39.731388888888894,0.2461631706545799,14.769790239274794
8470647.0,8.267499999999998,37.545,0.18046384720327419,10.827830832196451
8470654.0,12.934444444444452,49.39944444444444,0.20750260692863712,12.450156415718228
8470655.0,18.937222222222218,44.054444444444435,0.3006305948758654,18.037835692551923
8470662.0,4.635555555555555,21.203055555555558,0.1794042077425042,10.764252464550253
8470666.0,9.902222222222221,41.655833333333334,0.19205965227979244,11.523579136787546
8470667.0,16.977777777777774,44.70361111111112,0.27524960257235875,16.514976154341525
8470685.0,6.414444444444444,13.461388888888889,0.32272581163612984,19.36354869816779
8470699.0,25.673888888888893,42.36805555555556,0.3773244444807329,22.639466668843973
8470713.0,3.1413888888888897,28.27527777777778,0.09999115826702035,5.999469496021221
8470714.0,3.843888888888889,11.306388888888888,0.2537173869199318,15.223043215195908
8470724.0,24.975833333333338,43.23805555555557,0.3661400008144317,21.968400048865902
8470729.0,4.771944444444444,9.936666666666667,0.3244320220581292,19.465921323487752
8470740.0,20.44666666666667,48.061388888888885,0.2984563859075778,17.907383154454667
8470750.0,16.096666666666668,43.33527777777777,0.27084199948587323,16.250519969152393
8470755.0,14.54361111111111,41.560555555555545,0.25922515162767673,15.553509097660603
8470760.0,21.92111111111112,36.47305555555555,0.3753989886737166,22.523939320422997
8470775.0,15.01388888888888,53.07027777777776,0.22051953668457744,13.231172201074646
8470778.0,15.626388888888885,52.587500000000006,0.22907928492894078,13.744757095736446
8470794.0,20.78666666666666,51.90166666666665,0.28596977965285586,17.158186779171352
8470803.0,19.87944444444444,55.24694444444443,0.264613336784308,15.87680020705848
8470816.0,2.833055555555555,23.755833333333335,0.10655035520267446,6.393021312160467
8470828.0,23.632777777777783,41.73416666666664,0.361540194032832,21.69241164196992
8470834.0,21.693888888888882,40.30777777777777,0.349892027992079,20.99352167952474
8470839.0,8.165555555555555,27.06666666666667,0.23176385253398085,13.905831152038852
8470852.0,19.638333333333335,48.73416666666665,0.2872256145867613,17.23353687520568
8470854.0,12.215555555555559,47.794444444444444,0.2035586661482346,12.213519968894076
8470867.0,6.700277777777777,31.008888888888883,0.1776829977974704,10.660979867848225
8470871.0,4.847777777777778,18.107777777777777,0.2111810261374637,12.670861568247823
8470877.0,10.285555555555556,28.088888888888892,0.2680313866288328,16.08188319772997
8470886.0,14.781944444444445,46.19333333333333,0.24242520875946993,14.545512525568196
8470920.0,13.315277777777778,33.722777777777765,0.2830745790937599,16.984474745625594
8470966.0,19.47888888888889,33.50944444444445,0.3676071252581805,22.05642751549083
8471185.0,8.995000000000001,22.626666666666665,0.28445685974806306,17.067411584883782
8471208.0,13.83138888888889,39.76694444444445,0.25805632430527486,15.483379458316492
8471214.0,18.72388888888889,43.14444444444444,0.3026409130501154,18.158454783006924
8471215.0,17.693055555555553,39.62694444444445,0.308671590292316,18.52029541753896
8471217.0,18.213888888888892,43.915000000000006,0.2931629587238,17.589777523428
8471218.0,19.314444444444455,46.05250000000001,0.29547724172513296,17.728634503507976
8471220.0,1.4191666666666665,5.092777777777778,0.2179328584225568,13.075971505353408
8471222.0,18.49694444444444,39.14861111111111,0.32087373026734256,19.252423816040555
8471226.0,16.696944444444444,40.084444444444436,0.2940566402332533,17.643398413995197
8471231.0,12.808055555555558,51.773888888888905,0.198322544570851,11.899352674251059
8471232.0,13.787500000000001,37.737500000000004,0.2675885492479379,16.055312954876275
8471233.0,19.296944444444456,42.9911111111111,0.30980168304071154,18.588100982442693
8471236.0,14.377222222222223,29.833333333333336,0.32519885899546364,19.51193153972782
8471240.0,1.8447222222222222,3.6341666666666668,0.3366964104644088,20.201784627864527
8471241.0,8.761944444444444,21.918888888888887,0.28558365247938,17.1350191487628
8471242.0,21.19833333333333,33.739999999999995,0.3858568698237418,23.15141218942451
8471245.0,4.638333333333333,13.745555555555557,0.25230425191139577,15.138255114683746
8471254.0,15.195555555555556,50.0675,0.23283549055744487,13.970129433446692
8471260.0,12.77055555555555,39.951388888888886,0.24222466925537012,14.533480155322207
8471262.0,17.657777777777778,53.47499999999998,0.24823686533009479,14.894211919805688
8471266.0,13.735277777777776,37.365277777777784,0.26878920646655285,16.12735238799317
8471269.0,21.654444444444454,41.48583333333334,0.34295770000659914,20.577462000395947
8471273.0,17.851111111111106,45.95083333333332,0.27978945260289,16.7873671561734
8471274.0,25.303333333333335,43.33166666666666,0.36866516111799136,22.119909667079483
8471276.0,23.91055555555556,52.883333333333326,0.3113601342699434,18.681608056196605
8471280.0,1.4738888888888888,6.040555555555557,0.19614076593227855,11.768445955936713
8471283.0,11.696666666666669,40.305277777777754,0.22492748668586127,13.495649201151675
8471284.0,21.256388888888893,37.39638888888889,0.36241060857210516,21.74463651432631
8471296.0,20.81472222222222,38.28999999999999,0.3521668225419101,21.130009352514605
8471299.0,11.056944444444444,41.497777777777785,0.21038917107565128,12.623350264539077
8471303.0,16.939722222222223,30.04416666666667,0.360543212212224,21.632592732733443
8471309.0,12.993333333333332,32.87194444444445,0.2832934621324531,16.997607727947187
8471311.0,13.394999999999996,41.47888888888888,0.2441051704413149,14.646310226478894
8471323.0,7.275833333333332,33.83138888888889,0.1769964726393037,10.619788358358223
8471326.0,9.970833333333335,61.37972222222223,0.13974429849491168,8.3846579096947
8471331.0,2.077777777777778,7.591944444444444,0.21487460860072968,12.89247651604378
8471338.0,10.183055555555557,44.07444444444445,0.18768014662591448,11.26080879755487
8471339.0,16.47805555555556,40.06,0.29145069446832766,17.48704166809966
8471346.0,18.825555555555557,60.065277777777766,0.2386279211427888,14.317675268567328
8471348.0,17.716666666666665,38.18944444444444,0.3169003587363735,19.01402152418241
8471352.0,0.10416666666666667,0.8486111111111111,0.10932944606413995,6.559766763848398
8471362.0,13.1625,33.21944444444445,0.2837849977541548,17.027099865249287
8471371.0,7.356111111111112,42.359444444444456,0.1479639728231718,8.87783836939031
8471385.0,13.534166666666666,34.80250000000001,0.27999793117716015,16.79987587062961
8471388.0,0.5775,3.495,0.141804788213628,8.508287292817679
8471390.0,11.759999999999998,26.29611111111111,0.3090173866074948,18.541043196449685
8471392.0,19.485000000000003,43.24666666666665,0.3106086771699568,18.63652063019741
8471426.0,17.185277777777777,47.61222222222222,0.2652151360434859,15.912908162609154
8471428.0,0.0775,0.7436111111111111,0.09438430311231394,5.663058186738836
8471436.0,0.2638888888888889,0.5602777777777779,0.3201887428378834,19.211324570273003
8471450.0,0.23472222222222222,1.346111111111111,0.1484800562291337,8.908803373748023
8471474.0,0.6780555555555556,2.665,0.20282509347735772,12.169505608641463
8471476.0,17.075277777777774,49.51138888888889,0.2564368909357896,15.386213456147376
8471482.0,8.671666666666665,17.347499999999997,0.3332799538801524,19.996797232809143
8471490.0,3.6111111111111116,16.331111111111113,0.1810786717182973,10.864720303097839
8471498.0,15.919444444444448,39.96916666666667,0.2848423699918986,17.090542199513916
8471504.0,17.252499999999998,46.09055555555554,0.27236608415374836,16.3419650492249
8471514.0,12.225277777777777,37.426388888888894,0.24622089445358214,14.773253667214929
8471636.0,2.0549999999999997,10.669444444444444,0.1615001746419839,9.690010478519035
8471657.0,11.311666666666667,51.128611111111105,0.18115977489601176,10.869586493760705
8471663.0,0.701111111111111,4.891944444444444,0.12535386143531163,7.521231686118698
8471664.0,18.197222222222226,46.27277777777777,0.2822587594574566,16.935525567447396
8471669.0,18.870833333333334,43.74611111111112,0.30136943763003443,18.082166257802065
8471675.0,24.57249999999999,49.082499999999996,0.33361618355848205,20.016971013508922
8471676.0,15.794999999999993,38.45277777777777,0.2911640005735001,17.469840034410005
8471677.0,25.376388888888883,43.26888888888888,0.3696742108180946,22.180452649085677
8471678.0,20.353611111111103,64.17722222222226,0.24078327763373636,14.446996658024181
8471680.0,0.5794444444444444,1.7736111111111112,0.2462519183095266,14.775115098571597
8471681.0,3.246388888888889,13.741666666666665,0.19109832071553545,11.465899242932128
8471682.0,16.352500000000003,43.12472222222223,0.2749371841694766,16.496231050168596
8471685.0,26.07222222222221,59.422499999999985,0.3049570961170442,18.297425767022652
8471686.0,28.554722222222235,49.62083333333335,0.3652640780010802,21.91584468006481
8471691.0,15.08555555555555,36.754722222222235,0.2910006697923642,17.460040187541853
8471693.0,17.139444444444443,38.33305555555556,0.3089719130099498,18.538314780596988
8471698.0,19.78138888888889,47.436388888888885,0.29428805210261844,17.657283126157107
8471699.0,20.048333333333336,54.23027777777779,0.2699072186923856,16.194433121543135
8471700.0,0.3980555555555555,3.844722222222222,0.09381956265549299,5.629173759329579
8471702.0,25.580833333333338,48.92138888888889,0.34335664857125814,20.60139891427549
8471703.0,12.65111111111111,35.12916666666667,0.26477684307216476,15.886610584329885
8471707.0,16.683888888888895,40.81944444444443,0.2901377697911234,17.408266187467405
8471708.0,0.4655555555555555,2.219444444444444,0.1733912683633354,10.403476101800123
8471709.0,24.190277777777784,46.072222222222244,0.3442843305857004,20.657059835142025
8471716.0,16.86027777777777,41.45305555555557,0.28913246446400653,17.347947867840393
8471717.0,7.145555555555554,17.519166666666663,0.289707521989346,17.38245131936076
8471718.0,11.145555555555553,55.39777777777774,0.1674931957454625,10.049591744727751
8471719.0,2.475833333333333,23.87888888888889,0.09394268368519239,5.636561021111543
8471724.0,14.39722222222222,24.676666666666662,0.3684614619026631,22.107687714159788
8471729.0,20.304722222222225,34.96111111111112,0.3674009961951577,22.044059771709463
8471733.0,8.095555555555555,39.903333333333336,0.16866131160443526,10.119678696266115
8471735.0,25.20194444444445,40.87972222222222,0.38137573877441217,22.88254432646473
8471742.0,20.059722222222227,42.78166666666668,0.31921194895437804,19.15271693726268
8471743.0,14.610555555555553,39.45583333333334,0.2702336119688243,16.214016718129457
8471748.0,8.925555555555556,23.16166666666667,0.2781654171788701,16.689925030732205
8471760.0,0.04583333333333333,0.79,0.05483549351944167,3.2901296111665
8471761.0,22.67333333333334,43.726388888888884,0.3414672919481759,20.488037516890554
8471762.0,1.732777777777778,11.365555555555556,0.13228994358909107,7.937396615345465
8471766.0,3.727499999999999,19.514999999999997,0.16037431429493385,9.622458857696031
8471767.0,2.152777777777778,8.645833333333334,0.19935691318327975,11.961414790996784
8471768.0,4.8358333333333325,18.103333333333335,0.2108112035456097,12.648672212736582
8471769.0,29.990555555555538,53.064722222222215,0.361091508667253,21.665490520035178
8471794.0,9.50861111111111,28.279166666666672,0.2516319209620982,15.09791525772589
8471804.0,17.830277777777773,46.62666666666667,0.27662306880131005,16.597384128078602
8471816.0,18.52583333333334,38.115277777777784,0.32707397453753656,19.624438472252194
8471817.0,9.690833333333334,46.32249999999999,0.17300940252320882,10.380564151392528
8471832.0,0.1622222222222222,0.6588888888888889,0.19756427604871446,11.853856562922868
8471840.0,1.846666666666667,10.963611111111112,0.14415508380857384,8.64930502851443
8471842.0,7.162222222222222,22.210555555555562,0.24383877740160004,14.630326644096002
8471851.0,12.119999999999997,33.774166666666666,0.2640858496904109,15.845150981424652
8471856.0,10.786944444444448,40.79083333333335,0.20913937957776818,12.54836277466609
8471862.0,14.967222222222222,44.195277777777775,0.25298495199192433,15.17909711951546
8471873.0,30.080555555555556,55.30305555555554,0.35229893845097787,21.137936307058673
8471887.0,17.2475,44.98416666666667,0.2771498968906505,16.62899381343903
8471956.0,14.408055555555558,57.421111111111095,0.20058781445172774,12.035268867103664
8471958.0,31.452222222222225,54.07805555555554,0.3677320247215899,22.063921483295392
8471976.0,22.3338888888889,53.84111111111111,0.2931918462604384,17.591510775626304
8471996.0,4.909444444444444,15.90555555555556,0.2358608909173405,14.15165345504043
8472368.0,3.4380555555555556,11.171944444444446,0.23532207772454178,14.119324663472506
8472382.0,23.208611111111104,40.55694444444446,0.3639678335569533,21.838070013417198
8472394.0,8.572222222222223,17.26361111111111,0.33179584771366216,19.90775086281973
8472410.0,11.088055555555558,40.33305555555555,0.21563236024978938,12.937941614987363
8472424.0,0.26916666666666667,1.3247222222222224,0.16887417218543047,10.132450331125828
8473412.0,19.298888888888893,46.068055555555546,0.2952392689135267,17.714356134811602
8473419.0,21.868888888888883,56.68916666666668,0.27837869374737,16.7027216248422
8473422.0,16.782500000000006,41.118888888888904,0.28984624241406604,17.39077454484396
8473426.0,17.70944444444444,37.13444444444445,0.3229064313860553,19.374385883163317
8473432.0,12.274999999999999,47.57805555555556,0.2050856031670155,12.30513619002093
8473446.0,26.777777777777786,43.79361111111111,0.37944240859334727,22.766544515600835
8473449.0,17.331111111111106,36.025277777777774,0.32481791725452014,19.48907503527121
8473453.0,17.71500000000001,60.90555555555553,0.22532275274348681,13.519365164609209
8473465.0,19.209722222222226,49.63666666666667,0.27902294560757246,16.74137673645435
8473466.0,6.870833333333333,34.36194444444444,0.16663522817607354,9.998113690564413
8473468.0,13.103055555555555,30.76249999999999,0.29870944046201786,17.922566427721073
8473473.0,22.854166666666664,53.904166666666654,0.29774183042014984,17.86450982520899
8473482.0,14.483055555555557,40.005833333333335,0.26579832789559543,15.947899673735726
8473485.0,12.301666666666666,38.063333333333325,0.24425030609881201,14.65501836592872
8473492.0,10.908333333333337,36.421944444444435,0.2304726244065052,13.828357464390312
8473504.0,12.498333333333333,42.26638888888889,0.22821869309622475,13.693121585773484
8473505.0,0.15611111111111112,0.7919444444444445,0.16466451801933785,9.879871081160271
8473507.0,22.194166666666668,40.09805555555557,0.35629113675686275,21.377468205411766
8473512.0,21.7825,46.909722222222214,0.31710285815958467,19.02617148957508
8473514.0,6.135833333333334,26.194166666666668,0.18978760696979075,11.387256418187444
8473533.0,19.223333333333336,46.1825,0.29390854536420047,17.63451272185203
8473534.0,17.245833333333323,48.30194444444444,0.26310324953808073,15.786194972284843
8473536.0,14.626666666666669,45.81861111111112,0.24198195796932945,14.518917478159766
8473537.0,14.108611111111117,43.430555555555564,0.24520012938047034,14.71200776282822
8473542.0,7.734166666666667,50.488888888888894,0.13283683916737832,7.970210350042699
8473544.0,21.614166666666655,62.25805555555556,0.2577035172550837,15.462211035305023
8473546.0,11.39944444444444,37.77805555555556,0.231802032320562,13.908121939233721
8473548.0,22.030833333333337,42.439166666666644,0.3417222480740397,20.503334884442385
8473558.0,2.1913888888888886,11.386388888888892,0.1613952536824877,9.683715220949262
8473562.0,5.843333333333334,24.702222222222222,0.19129897057218728,11.477938234331237
8473563.0,19.222222222222214,45.57527777777777,0.2966506766807704,17.799040600846222
8473564.0,18.980833333333333,45.45861111111112,0.2945530256657844,17.673181539947063
8473565.0,10.905833333333332,24.52555555555556,0.3078014629212954,18.468087775277723
8473571.0,18.425833333333344,37.334166666666675,0.3304489478718317,19.826936872309904
8473573.0,16.857777777777773,50.920277777777784,0.24872029212995023,14.923217527797014
8473574.0,13.487222222222222,46.82694444444444,0.2236161579875743,13.416969479254458
8473579.0,15.151111111111112,39.76416666666666,0.275899744556008,16.553984673360482
8473584.0,26.096944444444446,42.35805555555555,0.3812277327360229,22.873663964161373
8473588.0,11.446666666666665,47.86694444444445,0.19298549611528173,11.579129766916903
8473589.0,3.9102777777777775,10.897499999999999,0.2640691828618594,15.844150971711562
8473600.0,0.14722222222222223,1.6144444444444446,0.08356985178177231,5.014191106906339
8473604.0,24.213333333333328,54.43750000000002,0.3078585732297813,18.471514393786876
8473618.0,14.492499999999998,47.7661111111111,0.23277904439814218,13.96674266388853
8473646.0,10.394444444444442,38.281111111111095,0.21354547114682254,12.812728268809352
8473658.0,11.539444444444445,29.77194444444444,0.2793284068826864,16.759704412961185
8473673.0,10.668333333333335,27.77611111111111,0.2775,16.650000000000002
8473682.0,1.3472222222222223,5.33388888888889,0.20164643272908697,12.098785963745218
8473700.0,6.976388888888889,18.484444444444442,0.2740047349414679,16.44028409648807
8473712.0,1.8472222222222223,20.15777777777778,0.08394556792648135,5.036734075588881
8473722.0,6.283333333333333,38.65555555555556,0.13981950797379156,8.389170478427493
8473908.0,5.286666666666667,34.81305555555555,0.1318379872401444,7.910279234408664
8473911.0,0.9586111111111111,4.057222222222222,0.19111701833084122,11.467021099850474
8473914.0,15.64666666666667,52.998611111111124,0.22793507686455733,13.67610461187344
8473921.0,0.39666666666666667,1.17,0.2531914893617021,15.191489361702127
8473927.0,0.4477777777777778,1.9105555555555558,0.18987043580683155,11.392226148409893
8473932.0,0.13055555555555556,0.7291666666666667,0.1518578352180937,9.111470113085623
8473933.0,24.57861111111112,46.25944444444443,0.34696902559437226,20.818141535662335
8473942.0,4.1475,15.981111111111112,0.20604998412983175,12.362999047789906
8473953.0,2.0908333333333333,8.97,0.18903036238981388,11.341821743388833
8473962.0,18.20861111111111,49.96083333333333,0.26710810480420516,16.02648628825231
8473970.0,13.342222222222222,44.64666666666667,0.23008239126269397,13.804943475761638
8473986.0,20.388333333333335,48.592222222222226,0.2955663834413885,17.73398300648331
8473989.0,6.357222222222222,45.674999999999976,0.12217856456469288,7.330713873881573
8473991.0,21.603055555555553,43.19444444444444,0.3333933493661878,20.00360096197127
8473992.0,3.982500000000001,13.286666666666669,0.23061332818607344,13.836799691164407
8473994.0,19.917499999999997,48.771111111111104,0.2899680118408761,17.398080710452568
8474001.0,13.655277777777782,37.05,0.2693068330603324,16.158409983619944
8474005.0,0.41000000000000003,1.2947222222222223,0.24050839172233993,14.430503503340395
8474008.0,1.434722222222222,11.037500000000001,0.11503340757238305,6.902004454342983
8474009.0,16.637777777777774,53.632777777777804,0.23676741483314478,14.206044889988688
8474012.0,0.7805555555555556,6.517222222222221,0.10695797807551767,6.41747868453106
8474013.0,10.85722222222222,26.616666666666667,0.2897276622240671,17.383659733444027
8474025.0,7.715277777777778,36.32055555555555,0.1752045367093718,10.512272202562308
8474027.0,25.253611111111113,47.43472222222221,0.34742316893281056,20.845390135968632
8474030.0,0.14472222222222222,0.7091666666666667,0.16948601171112557,10.169160702667535
8474031.0,23.42138888888889,46.76472222222224,0.3337040408437883,20.0222424506273
8474034.0,12.766944444444443,45.37777777777776,0.21957185375571497,13.174311225342898
8474037.0,20.554722222222217,42.36472222222222,0.3266831486468588,19.60098891881153
8474038.0,9.494166666666665,29.20305555555555,0.2453449142200847,14.720694853205082
8474040.0,16.083333333333332,36.84805555555555,0.30385247149087136,18.231148289452282
8474048.0,2.589166666666667,10.488333333333333,0.1979863633467151,11.879181800802906
8474052.0,1.7036111111111112,6.518333333333334,0.20720294604547448,12.432176762728469
8474053.0,16.045,42.27694444444446,0.2751108549764477,16.506651298586863
8474056.0,30.69944444444444,47.968888888888884,0.3902389073677817,23.414334442066902
8474059.0,2.470833333333333,8.689166666666665,0.22140083632019117,13.28405017921147
8474061.0,5.138333333333334,38.09805555555555,0.11884279574175562,7.130567744505337
8474062.0,13.021944444444445,45.689444444444455,0.22179588476587447,13.307753085952468
8474066.0,20.73,41.72,0.3319455564451561,19.916733386709367
8474068.0,18.82222222222222,45.282222222222224,0.2936180538704198,17.617083232225188
8474074.0,4.683888888888888,10.789722222222222,0.30270173234000536,18.16210394040032
8474077.0,0.12111111111111111,0.6588888888888889,0.15527065527065526,9.316239316239315
8474089.0,4.089999999999999,26.59722222222222,0.13328022883212337,7.9968137299274025
8474090.0,20.964722222222218,38.34000000000001,0.3535084802128366,21.210508812770197
8474091.0,18.40944444444444,56.092777777777755,0.2470992662411263,14.825955974467577
8474094.0,7.875000000000002,28.927222222222223,0.21398164362055433,12.83889861723326
8474095.0,0.9197222222222221,4.7283333333333335,0.16283873506123048,9.770324103673829
8474096.0,15.158333333333335,42.82083333333335,0.2614444843693855,15.68666906216313
8474098.0,6.338055555555556,18.15,0.25882232834601904,15.529339700761142
8474100.0,22.691111111111113,59.60333333333335,0.2757307770201849,16.543846621211095
8474102.0,19.27416666666667,41.11111111111109,0.31918651989309405,19.151191193585642
8474125.0,20.12861111111111,42.72694444444444,0.32023599080784865,19.21415944847092
8474130.0,7.9669444444444455,35.5613888888889,0.183028933900014,10.981736034000841
8474134.0,8.221666666666668,31.228888888888896,0.2084043317232541,12.504259903395246
8474135.0,15.948888888888888,34.50666666666668,0.3160977758203038,18.965866549218227
8474137.0,10.965000000000005,44.37416666666666,0.19814176216362744,11.888505729817647
8474138.0,5.026944444444445,22.003611111111105,0.18597266467988907,11.158359880793345
8474141.0,23.32527777777779,49.53361111111113,0.32014319918259043,19.208591950955427
8474145.0,14.347777777777779,35.55972222222222,0.2874874072589847,17.249244435539083
8474150.0,17.586111111111116,43.70222222222222,0.2869405995340785,17.21643597204471
8474151.0,30.958333333333332,51.15305555555556,0.3770284944908846,22.621709669453075
8474157.0,20.72388888888889,51.04666666666665,0.2887519642069249,17.325117852415495
8474161.0,19.44111111111112,49.25111111111111,0.28301764715397193,16.981058829238314
8474162.0,27.49888888888889,53.168611111111105,0.3408917951949533,20.453507711697196
8474164.0,2.7508333333333335,9.708611111111113,0.220782984795113,13.24697908770678
8474166.0,18.979444444444443,51.13222222222224,0.27070308476161037,16.242185085696622
8474168.0,11.512222222222226,39.80722222222223,0.22432476319350475,13.459485791610286
8474176.0,21.357777777777784,57.07277777777781,0.2723145032760757,16.338870196564542
8474184.0,11.512500000000003,29.83444444444445,0.2784365363556356,16.706192181338135
8474189.0,20.674444444444443,54.11916666666664,0.27641992594435805,16.585195556661482
8474190.0,18.935555555555553,49.75666666666667,0.2756579266615984,16.539475599695905
8474192.0,8.046111111111111,26.60333333333334,0.23221472205743235,13.93288332344594
8474201.0,1.5155555555555553,8.560833333333335,0.15040661612680906,9.024396967608544
8474207.0,14.928888888888888,33.08194444444445,0.3109483392058505,18.65690035235103
8474218.0,21.249999999999993,46.012222222222235,0.31592771243557544,18.955662746134525
8474236.0,0.4708333333333334,2.882777777777778,0.14039592479085564,8.423755487451338
8474250.0,18.00972222222223,46.09472222222224,0.280943425659514,16.856605539570843
8474291.0,10.53138888888889,39.25472222222223,0.2115326675221782,12.691960051330692
8474497.0,7.183611111111112,18.581111111111113,0.2788157795435188,16.72894677261113
8474498.0,9.181388888888891,32.83,0.21854523574956533,13.11271414497392
8474519.0,3.511944444444444,7.407222222222222,0.32163117861049634,19.29787071662978
8474520.0,20.652499999999996,41.611111111111114,0.33169454246951796,19.901672548171078
8474535.0,1.781388888888889,8.437777777777777,0.17431841039441137,10.459104623664683
8474551.0,12.002777777777775,35.05,0.2550917999881929,15.305507999291576
8474563.0,32.49916666666666,50.34333333333331,0.3923006508334088,23.538039050004528
8474564.0,10.462499999999999,22.61166666666666,0.31633450074327907,18.980070044596744
8474565.0,26.81055555555555,43.38388888888888,0.38194697269489514,22.916818361693707
8474567.0,16.319166666666668,26.7075,0.37928029129222185,22.75681747753331
8474568.0,20.47694444444444,45.925277777777765,0.30837739700813227,18.502643820487936
8474569.0,17.783611111111117,48.62638888888889,0.2677851394535629,16.067108367213773
8474570.0,16.79555555555556,41.61416666666667,0.2875472595410772,17.25283557246463
8474571.0,19.74361111111111,46.33805555555556,0.2987759254121583,17.926555524729498
8474573.0,15.787222222222224,42.383055555555565,0.27139671367107104,16.283802820264263
8474574.0,16.940277777777784,33.05250000000001,0.33885450120572974,20.331270072343784
8474576.0,1.5613888888888887,6.916666666666668,0.18416827757937154,11.050096654762292
8474577.0,16.349999999999998,48.44333333333334,0.2523407757999794,15.140446547998764
8474578.0,27.370277777777783,36.73416666666666,0.426963809061601,25.61782854369606
8474579.0,7.749444444444445,16.761111111111113,0.31616763752578253,18.970058251546952
8474581.0,22.665277777777774,41.00055555555555,0.3560037871350847,21.36022722810508
8474582.0,2.5188888888888887,9.290277777777778,0.21329946134123678,12.797967680474207
8474584.0,16.93138888888889,37.718611111111116,0.30981498424316356,18.588899054589813
8474586.0,19.486111111111107,42.899444444444455,0.31234972482946544,18.740983489767927
8474589.0,19.909444444444446,44.818888888888885,0.3075846915741862,18.45508149445117
8474590.0,22.108611111111106,42.688888888888904,0.3411954336372715,20.47172601823629
8474594.0,30.339722222222218,55.155,0.35487245801397743,21.292347480838647
8474597.0,0.8236111111111112,3.0188888888888887,0.2143425142774525,12.86055085664715
8474598.0,0.3463888888888889,1.9108333333333334,0.1534580359340389,9.207482156042333
8474600.0,23.622222222222227,35.36444444444444,0.4004671488848705,24.02802893309223
8474601.0,0.6222222222222222,1.8761111111111113,0.2490549255058928,14.943295530353568
8474602.0,21.661944444444444,36.630555555555546,0.3716077444687472,22.296464668124834
8474603.0,4.664722222222223,19.403888888888886,0.19380936443269822,11.628561865961894
8474604.0,4.5169444444444435,12.178611111111111,0.2705477172900306,16.232863037401835
8474605.0,11.231111111111106,30.211666666666673,0.271002855342708,16.26017132056248
8474606.0,4.198888888888889,8.969444444444445,0.31886259123317723,19.131755473990633
8474609.0,2.4625000000000004,7.1836111111111105,0.25528422507631177,15.317053504578706
8474610.0,6.147500000000001,36.69333333333333,0.14349627497130857,8.609776498278514
8474611.0,1.8922222222222222,5.291111111111111,0.2634184068058778,15.805104408352669
8474612.0,21.58583333333333,31.83694444444444,0.40405673817867954,24.243404290720772
8474613.0,23.773611111111112,61.75305555555555,0.2779672356899733,16.678034141398395
8474616.0,1.034722222222222,6.511666666666667,0.1371148820259874,8.226892921559244
8474618.0,23.843055555555548,48.15694444444443,0.3311535493827161,19.869212962962965
8474625.0,8.87444444444444,35.2425,0.20115727768997796,12.069436661398678
8474628.0,17.607222222222227,38.86194444444446,0.3118024093777823,18.708144562666938
8474638.0,0.39888888888888885,1.5047222222222225,0.20954326572304097,12.572595943382458
8474641.0,16.068055555555553,43.35166666666667,0.2704162011303766,16.2249720678226
8474642.0,13.27638888888889,49.714999999999996,0.21076513985597684,12.64590839135861
8474646.0,4.238888888888889,13.755555555555558,0.23556653288051865,14.133991972831119
8474659.0,12.04083333333333,26.693333333333324,0.3108582001247822,18.651492007486933
8474660.0,1.3583333333333334,3.541388888888889,0.27722660014740064,16.633596008844037
8474668.0,10.915555555555557,50.95888888888889,0.17641460304918563,10.584876182951138
8474673.0,25.743888888888883,39.8213888888889,0.39264515855699356,23.558709513419615
8474674.0,7.081666666666667,39.505833333333335,0.15200787049458903,9.120472229675341
8474679.0,13.038888888888886,34.852777777777774,0.27225798967577286,16.33547938054637
8474681.0,12.044722222222225,39.545833333333334,0.23346758127564263,14.008054876538557
8474683.0,2.465555555555556,13.199722222222222,0.15738983952478058,9.443390371486835
8474685.0,12.897499999999999,35.04305555555556,0.2690310917455645,16.14186550473387
8474697.0,2.4322222222222223,7.739444444444444,0.23911737396908625,14.347042438145175
8474707.0,6.638333333333333,16.519722222222224,0.28665331238230035,17.19919874293802
8474709.0,13.744444444444445,47.179722222222246,0.22559921943034822,13.535953165820892
8474715.0,18.020555555555553,48.331111111111134,0.2715916036606297,16.29549621963778
8474716.0,23.480833333333337,41.49472222222221,0.36137949314272044,21.682769588563225
8474717.0,11.204444444444448,29.732500000000005,0.2737000671764842,16.42200403058905
8474727.0,17.720277777777774,60.52916666666667,0.2264588317985928,13.587529907915568
8474736.0,8.864166666666668,47.96749999999998,0.15597231590369226,9.358338954221535
8474739.0,18.56527777777778,50.20194444444445,0.2699727744968937,16.198366469813624
8474743.0,2.394722222222222,5.975277777777778,0.2861077923801938,17.166467542811628
8474744.0,0.8241666666666667,4.025,0.16996047430830039,10.197628458498023
8474749.0,21.069722222222225,39.333333333333336,0.34881881435357853,20.92912886121471
8474774.0,12.7725,27.293333333333344,0.31878782836581454,19.127269701948872
8474818.0,22.662500000000005,43.66166666666665,0.3416929475178732,20.501576851072393
8474837.0,0.7213888888888889,2.764444444444444,0.20694876085743885,12.41692565144633
8474849.0,16.34666666666667,52.29694444444444,0.23813820983582681,14.28829259014961
8474850.0,0.4386111111111111,4.102777777777778,0.09658083063184292,5.794849837910575
8474870.0,19.65333333333333,49.32722222222221,0.2849112068618371,17.094672411710224
8474873.0,15.798611111111102,46.706944444444446,0.2527553106390542,15.165318638343253
8474884.0,4.223055555555556,14.525277777777777,0.2252496518209026,13.514979109254156
8474939.0,0.13,0.7763888888888889,0.14342629482071714,8.60557768924303
8475060.0,1.193888888888889,4.3725,0.21448176056689458,12.868905634013675
8475098.0,14.983888888888892,29.88027777777777,0.33398344385212164,20.0390066311273
8475118.0,3.7213888888888893,8.685555555555554,0.29994402776223,17.9966416657338
8475119.0,2.9391666666666665,13.144166666666669,0.18274611398963728,10.964766839378237
8475147.0,4.348888888888889,16.045833333333334,0.213235995151251,12.79415970907506
8475148.0,0.4572222222222222,1.1127777777777779,0.2912243453644727,17.473460721868364
8475149.0,17.760277777777784,45.27722222222223,0.2817414678211823,16.90448806927094
8475150.0,6.955555555555556,28.33277777777777,0.19710637761929506,11.826382657157703
8475151.0,13.737499999999999,48.9513888888889,0.21913771712158805,13.148263027295283
8475153.0,10.09277777777778,25.626111111111104,0.2825613587582046,16.953681525492275
8475154.0,3.2541666666666673,21.449166666666674,0.13172986101740655,7.9037916610443935
8475155.0,8.198055555555554,18.438055555555554,0.30777974762748983,18.46678485764939
8475157.0,0.5222222222222223,2.647222222222222,0.1647677475898335,9.88606485539001
8475158.0,21.885277777777784,48.5511111111111,0.3107098209180073,18.642589255080438
8475159.0,0.43916666666666665,1.9958333333333333,0.18035592060232716,10.82135523613963
8475160.0,15.396111111111102,60.39083333333334,0.20314991221736362,12.188994733041817
8475161.0,1.7513888888888887,8.41,0.17235723462999916,10.34143407779995
8475163.0,15.380000000000003,51.60333333333334,0.22960935556108483,13.77656133366509
8475164.0,12.493055555555557,38.27444444444445,0.24608372591826574,14.765023555095945
8475165.0,4.828055555555555,16.681388888888886,0.22446212258181164,13.467727354908698
8475166.0,15.037500000000007,30.38222222222222,0.33107864302707474,19.864718581624484
8475167.0,22.10472222222223,41.23833333333332,0.34896836012015714,20.93810160720943
8475168.0,17.594722222222217,40.484444444444435,0.3029437788459239,18.176626730755434
8475169.0,15.836111111111112,34.349722222222226,0.3155494301734111,18.932965810404664
8475170.0,19.093888888888884,49.59833333333333,0.2779628940685505,16.67777364411303
8475171.0,23.72944444444445,40.69500000000001,0.36832982649787865,22.09978958987272
8475172.0,17.917777777777776,43.148888888888884,0.29341339155749635,17.60480349344978
8475174.0,19.037222222222226,34.53333333333333,0.3553672726518507,21.322036359111042
8475175.0,9.245277777777774,34.534722222222236,0.21117582863814008,12.670549718288404
8475176.0,18.28111111111111,47.341388888888886,0.2785799247378736,16.714795484272415
8475177.0,13.579166666666664,24.067500000000006,0.36070037187887366,21.64202231273242
8475178.0,14.058333333333328,42.16055555555555,0.25006423305729586,15.003853983437752
8475179.0,22.474999999999998,42.25166666666665,0.3472293748068803,20.83376248841282
8475180.0,7.809444444444445,26.83055555555556,0.22544585578650245,13.526751347190146
8475181.0,23.11444444444445,59.94000000000001,0.2783047264846352,16.698283589078112
8475182.0,3.5022222222222226,10.5125,0.24989594275860705,14.993756565516422
8475183.0,1.3152777777777775,4.976111111111111,0.20906000264912356,12.543600158947413
8475184.0,17.73888888888889,47.59944444444446,0.27149282792983526,16.289569675790116
8475185.0,3.747777777777778,16.206944444444442,0.18781407909573064,11.268844745743838
8475186.0,20.91777777777778,55.36638888888888,0.2742086423933902,16.452518543603414
8475188.0,2.7833333333333328,6.6594444444444445,0.2947578984526681,17.685473907160084
8475190.0,0.2,1.4858333333333333,0.11863568956994563,7.118141374196738
8475191.0,20.47361111111111,58.08444444444446,0.2606175899635443,15.637055397812658
8475192.0,1.3830555555555555,4.365833333333333,0.24057788944723618,14.43467336683417
8475193.0,14.849999999999996,46.18833333333333,0.24328973595827755,14.597384157496652
8475194.0,1.228888888888889,2.6794444444444445,0.3144278606965174,18.865671641791046
8475196.0,1.3244444444444445,7.7683333333333335,0.14565894788293518,8.73953687297611
8475197.0,16.19083333333333,36.89111111111111,0.30501582982286296,18.300949789371778
8475198.0,0.029166666666666667,0.8011111111111111,0.0351288056206089,2.1077283372365336
8475199.0,13.074166666666665,33.28166666666666,0.282039297463462,16.92235784780772
8475200.0,16.095,26.882500000000004,0.3744982839858064,22.469897039148385
8475204.0,9.398055555555555,30.827777777777776,0.23363233963801594,14.017940378280956
8475206.0,0.27,0.6452777777777777,0.2949924127465858,17.699544764795146
8475208.0,1.4461111111111111,3.210833333333333,0.31052788547569343,18.631673128541607
8475209.0,9.716944444444447,31.774166666666673,0.23419340153178725,14.051604091907235
8475213.0,3.8044444444444445,15.096666666666668,0.2012815237199459,12.076891423196754
8475214.0,3.714166666666667,17.078611111111112,0.1786277286450958,10.717663718705747
8475218.0,15.244166666666668,35.56305555555555,0.3000393644823024,18.002361868938145
8475220.0,15.678611111111108,44.300833333333316,0.26139973879940354,15.683984327964213
8475222.0,12.983055555555556,29.098333333333336,0.30852250599037573,18.511350359422543
8475223.0,2.744722222222222,10.519444444444446,0.20692760361039556,12.415656216623733
8475224.0,3.328888888888889,17.759722222222223,0.1578524480037935,9.47114688022761
8475225.0,17.985555555555553,46.505277777777785,0.27888545745088655,16.733127447053192
8475231.0,13.41527777777778,47.291111111111114,0.22098625899708524,13.259175539825115
8475233.0,19.390277777777765,39.87805555555556,0.3271608409962223,19.629650459773337
8475235.0,3.2252777777777775,10.361666666666668,0.23738065544947148,14.242839326968289
8475236.0,18.712222222222216,49.81472222222225,0.27306371784010325,16.383823070406194
8475246.0,9.226388888888891,22.32305555555556,0.2924421983130536,17.54653189878322
8475247.0,1.8238888888888884,10.911666666666667,0.14321235386494502,8.592741231896701
8475248.0,4.293055555555554,11.670277777777777,0.26893227535324005,16.135936521194402
8475253.0,0.5105555555555555,2.0458333333333334,0.19971748342931653,11.983049005758991
8475254.0,0.22083333333333333,1.428611111111111,0.13388346244526778,8.033007746716066
8475260.0,0.9119444444444443,4.805833333333334,0.1594928099494753,9.569568596968518
8475264.0,0.4422222222222222,2.142777777777778,0.17107242639157533,10.264345583494519
8475268.0,15.289722222222222,45.24222222222222,0.2525893123465572,15.155358740793432
8475275.0,2.0225,5.485555555555556,0.2693773354545118,16.16264012727071
8475279.0,0.18166666666666667,0.7919444444444445,0.18659058487874466,11.19543509272468
8475283.0,0.6622222222222222,5.139166666666666,0.11414891070146038,6.848934642087623
8475287.0,9.089722222222225,39.08694444444445,0.18867478493507692,11.320487096104616
8475296.0,0.1525,0.6777777777777778,0.18367346938775508,11.020408163265305
8475309.0,2.6149999999999998,15.625555555555556,0.14336186154174152,8.601711692504491
8475314.0,4.2925,11.873888888888889,0.26552002611728726,15.931201567037235
8475321.0,1.7252777777777781,5.458611111111111,0.2401593070914856,14.409558425489136
8475323.0,18.55555555555556,64.49972222222223,0.22341211843517875,13.404727106110725
8475325.0,9.796111111111113,41.63416666666666,0.19047361854506376,11.428417112703825
8475332.0,0.48777777777777775,1.2063888888888887,0.28791605181177243,17.274963108706345
8475414.0,0.2980555555555556,1.441388888888889,0.17135100606834877,10.281060364100925
8475423.0,1.9941666666666666,9.720555555555558,0.17022739667559808,10.213643800535884
8475455.0,24.203888888888887,40.68944444444444,0.372979590439011,22.37877542634066
8475462.0,20.285277777777775,40.415000000000006,0.3341875609209183,20.051253655255096
8475567.0,2.5036111111111112,5.853888888888889,0.2995645960049191,17.973875760295144
8475598.0,14.214444444444446,34.96416666666668,0.2890371265737702,17.34222759442621
8475602.0,2.0408333333333335,8.038333333333332,0.20248036378668874,12.148821827201324
8475613.0,13.076111111111121,37.2461111111111,0.25984764848752506,15.590858909251503
8475619.0,4.818611111111111,26.812500000000007,0.1523377125193199,9.140262751159195
8475625.0,17.130000000000003,35.23388888888889,0.32713383905363114,19.62803034321787
8475637.0,0.445,1.1800000000000002,0.2738461538461538,16.43076923076923
8475640.0,8.444722222222222,17.02138888888889,0.33160627413337984,19.89637644800279
8475648.0,1.3727777777777779,6.095833333333334,0.18380630044259305,11.028378026555583
8475650.0,15.382499999999999,65.92472222222221,0.18918983553463203,11.351390132077922
8475671.0,2.9905555555555563,11.971944444444444,0.1998700454840806,11.992202729044836
8475690.0,17.200277777777778,31.785833333333333,0.35112560249503827,21.067536149702295
8475692.0,22.718888888888884,59.44722222222224,0.27649950303923615,16.58997018235417
8475714.0,2.5102777777777776,8.03638888888889,0.23801622418879054,14.280973451327432
8475716.0,11.718333333333335,23.599166666666665,0.33179962719143014,19.907977631485807
8475722.0,4.209722222222222,13.059166666666666,0.24377493244112727,14.626495946467637
8475726.0,16.414722222222228,53.6063888888889,0.23442533204271732,14.06551992256304
8475727.0,3.9572222222222218,15.05777777777778,0.20811055599380604,12.486633359628362
8475728.0,5.678055555555557,16.961944444444445,0.25079750687082847,15.047850412249709
8475733.0,1.3547222222222222,5.018888888888889,0.21255175419481365,12.753105251688819
8475735.0,0.0625,0.7027777777777777,0.08166969147005446,4.900181488203267
8475739.0,11.81611111111111,47.448333333333345,0.1993794292999362,11.962765757996173
8475744.0,3.450555555555556,10.749166666666667,0.2430016236624347,14.580097419746082
8475745.0,19.507222222222218,48.083333333333314,0.28860869779637194,17.316521867782317
8475747.0,2.5747222222222224,6.627222222222223,0.2798019742204244,16.788118453225465
8475749.0,0.24444444444444444,1.3122222222222222,0.15703069236259815,9.421841541755889
8475750.0,13.660555555555558,27.58638888888889,0.3311895157217033,19.871370943302196
8475752.0,1.3183333333333334,5.976666666666667,0.1807173863376742,10.843043180260452
8475753.0,22.226388888888884,38.303888888888885,0.36719456286798613,22.031673772079166
8475754.0,12.543888888888887,41.87249999999999,0.23051674587414944,13.831004752448967
8475755.0,1.3805555555555558,4.361666666666666,0.24042182662538705,14.425309597523222
8475757.0,0.9130555555555556,3.145555555555555,0.22496749024707416,13.49804941482445
8475758.0,5.764166666666666,18.109999999999996,0.24143949177981783,14.48636950678907
8475759.0,1.1416666666666666,3.011388888888889,0.2748980001337703,16.493880008026217
8475760.0,16.65277777777778,44.19,0.27370179972059133,16.42210798323548
8475761.0,6.74138888888889,20.297777777777775,0.24931940292374236,14.959164175424542
8475764.0,22.735833333333332,41.62611111111111,0.3532496342300272,21.19497805380163
8475765.0,15.011388888888892,42.15416666666665,0.2625949969873079,15.755699819238476
8475767.0,0.22166666666666668,2.278611111111111,0.0886568159093434,5.319408954560604
8475768.0,19.939999999999998,49.37083333333334,0.2876895146261407,17.26137087756844
8475769.0,3.169166666666667,9.933333333333334,0.2418749602493163,14.512497614958978
8475770.0,5.749444444444444,19.840833333333336,0.22467299864314788,13.480379918588874
8475772.0,8.987777777777774,28.089722222222225,0.2424051723492084,14.544310340952503
8475774.0,0.1922222222222222,0.6025,0.24187347081440055,14.512408248864034
8475775.0,3.144722222222222,11.311666666666667,0.21753165651480505,13.051899390888304
8475784.0,15.719166666666665,40.691111111111105,0.27865784899323903,16.71947093959434
8475790.0,15.914722222222226,35.391666666666666,0.31018987238972845,18.611392343383706
8475791.0,19.203055555555558,39.66555555555556,0.3262019468968088,19.572116813808528
8475792.0,1.9880555555555557,6.951666666666666,0.22238448870521704,13.343069322313022
8475793.0,19.71361111111111,48.931666666666665,0.2871808775387155,17.23085265232293
8475794.0,20.72777777777777,47.248888888888885,0.30492489252848193,18.295493551708915
8475795.0,0.24305555555555558,1.337222222222222,0.15380558973457553,9.228335384074532
8475796.0,11.501388888888894,24.588888888888885,0.3186838560708102,19.121031364248612
8475797.0,4.477222222222222,12.48472222222222,0.2639568969752551,15.837413818515305
8475798.0,17.155,43.7325,0.28174912748922193,16.904947649353314
8475799.0,19.867222222222225,55.92972222222222,0.2621111229197894,15.726667375187363
8475800.0,0.2713888888888889,1.9805555555555556,0.12051313679536202,7.230788207721721
8475807.0,3.579166666666666,14.943888888888885,0.19322765922349025,11.593659553409415
8475808.0,2.53,11.187499999999998,0.18443593949334794,11.066156369600876
8475815.0,0.1463888888888889,0.6977777777777777,0.1734123066798289,10.404738400789734
8475833.0,0.2313888888888889,0.6030555555555556,0.27729693741677763,16.637816245006658
8475844.0,1.4738888888888888,5.503333333333334,0.21124293335456643,12.674576001273985
8475845.0,1.8536111111111109,7.014166666666665,0.20902769076556824,12.541661445934094
8475848.0,21.71861111111111,56.16694444444445,0.2788528753013681,16.731172518082086
8475855.0,2.261388888888889,8.751944444444444,0.20533192090395483,12.319915254237289
8475878.0,1.8533333333333335,6.874722222222222,0.2123420642245632,12.740523853473793
8475889.0,0.5591666666666666,3.3630555555555555,0.14256373937677053,8.553824362606232
8475902.0,0.45305555555555554,1.1472222222222224,0.28311057108140947,16.986634264884568
8475913.0,4.08388888888889,11.867222222222223,0.2560253552521594,15.361521315129565
8475917.0,1.53,4.795277777777778,0.2418866101620482,14.513196609722893
8476043.0,1.925,8.652777777777777,0.18198529411764708,10.919117647058824
8476062.0,8.08222222222222,23.4325,0.2564586216318651,15.387517297911907
8476086.0,0.22083333333333333,1.5822222222222222,0.12247727622862425,7.348636573717455
8476116.0,15.339722222222225,48.279999999999994,0.2411158314813279,14.466949888879673
8476158.0,2.2230555555555553,8.194722222222223,0.2133905716723549,12.803434300341294
8476162.0,6.980833333333331,17.93305555555555,0.2801984613669305,16.81190768201583
8476166.0,0.7075,2.5869444444444447,0.2147554806070826,12.885328836424957
8476177.0,18.44333333333334,44.703611111111115,0.2920700834473385,17.524205006840308
8476179.0,2.882222222222222,19.18555555555556,0.130607723679573,7.836463420774379
8476191.0,15.178333333333336,33.37805555555557,0.3125918891552204,18.755513349313226
8476195.0,14.955000000000005,47.087500000000006,0.24104444533988803,14.462666720393281
8476205.0,1.9088888888888889,7.508055555555554,0.20270788472316453,12.162473083389871
8476206.0,1.0436111111111113,4.636666666666667,0.18372536554354738,11.023521932612843
8476207.0,8.529722222222224,31.133333333333333,0.2150545918045761,12.903275508274564
8476209.0,1.9483333333333333,9.652222222222223,0.16795172644988265,10.077103586992958
8476227.0,0.13472222222222222,0.6113888888888889,0.18056589724497393,10.833953834698436
8476235.0,13.853055555555558,46.331111111111106,0.2301777414694711,13.810664488168266
8476244.0,15.306111111111113,37.29055555555556,0.29100914717873966,17.46054883072438
8476289.0,0.21194444444444444,0.5011111111111111,0.2972341254382548,17.834047526295286
8476292.0,19.172222222222228,48.058888888888866,0.28516890328551614,17.110134197130968
8476302.0,2.767222222222222,8.925555555555556,0.23666080676580983,14.19964840594859
8476304.0,0.6919444444444445,3.1969444444444446,0.1779285714285714,10.675714285714285
8476346.0,0.2325,0.6019444444444444,0.2786284953395473,16.717709720372838
8476367.0,2.053888888888889,6.252222222222223,0.24727442980402647,14.836465788241588
8476381.0,19.67388888888889,57.403055555555575,0.25524998468341514,15.314999081004908
8476389.0,4.588055555555555,11.675833333333333,0.28210076857386845,16.926046114432108
8476410.0,1.1472222222222224,4.179722222222222,0.21536215257860983,12.921729154716589
8476411.0,0.23777777777777778,0.5719444444444445,0.29365351629502573,17.619210977701545
8476419.0,3.9019444444444438,18.479166666666668,0.174340962120836,10.46045772725016
8476423.0,3.8305555555555553,14.488333333333333,0.20910414265785163,12.546248559471097
8476427.0,0.2975,1.2461111111111112,0.19272989022854056,11.563793413712434
8476429.0,1.2855555555555556,2.875277777777778,0.3089658855731357,18.537953134388143
8476430.0,7.150833333333333,23.538611111111113,0.23300628156622794,13.980376893973677
8476432.0,16.603055555555553,43.894722222222235,0.2744407508081104,16.466445048486626
8476435.0,0.2475,0.6652777777777779,0.27115033475349964,16.269020085209977
8476436.0,3.033333333333333,11.054166666666665,0.2153209109730849,12.919254658385094
8476438.0,21.740555555555556,59.08944444444445,0.26896641785915565,16.137985071549338
8476440.0,1.1730555555555555,4.561111111111111,0.20457297873371116,12.27437872402267
8476442.0,15.303888888888887,44.25166666666665,0.2569682835820896,15.418097014925378
8476443.0,1.0463888888888888,2.964722222222222,0.2608725761772853,15.652354570637119
8476445.0,1.4613888888888888,6.748611111111112,0.17800108269048584,10.680064961429151
8476450.0,0.24083333333333334,0.5569444444444445,0.3018802228412256,18.11281337047354
8476451.0,0.5888888888888889,1.858888888888889,0.24058102587380842,14.434861552428504
8476452.0,3.168611111111111,8.986944444444447,0.26067184643510044,15.640310786106026
8476453.0,10.314444444444444,33.23083333333334,0.236867117878581,14.21202707271486
8476454.0,19.855833333333326,42.549722222222215,0.31817412979613635,19.09044778776818
8476455.0,22.193611111111103,48.42722222222223,0.3142643617125886,18.855861702755316
8476456.0,15.010277777777782,39.68416666666666,0.27443880142204174,16.466328085322505
8476457.0,6.403611111111109,13.044999999999998,0.3292580161393987,19.755480968363923
8476458.0,7.035833333333332,20.801944444444448,0.25274407280274597,15.164644368164758
8476459.0,13.11722222222222,41.03888888888887,0.242211302715401,14.53267816292406
8476460.0,14.46833333333333,35.41416666666666,0.2900482801249603,17.40289680749762
8476461.0,20.306111111111107,48.38611111111111,0.2956100480403733,17.736602882422396
8476462.0,20.59611111111111,43.240277777777784,0.3226390381661452,19.35834228996871
8476463.0,29.323611111111116,45.25638888888887,0.393183308006317,23.59099848037902
8476465.0,11.778333333333329,26.43333333333334,0.30823919396344907,18.494351637806943
8476466.0,5.185833333333334,14.598055555555556,0.2621240627895875,15.72744376737525
8476467.0,1.6366666666666667,3.6119444444444446,0.31182852606509653,18.709711563905792
8476468.0,5.887499999999998,21.00611111111111,0.2189181651982606,13.135089911895635
8476470.0,4.4944444444444445,14.74638888888889,0.2335888662710959,14.015331976265754
8476472.0,4.149444444444444,9.378611111111109,0.30672881460339624,18.403728876203775
8476473.0,7.856111111111111,16.071388888888887,0.32832979254460815,19.69978755267649
8476480.0,0.6358333333333333,2.645555555555555,0.19376957589096758,11.626174553458055
8476482.0,3.6111111111111116,9.379999999999997,0.27796784125898055,16.67807047553883
8476483.0,3.8033333333333337,13.009722222222221,0.22621309498240458,13.572785698944275
8476522.0,0.31,1.4083333333333332,0.18040737148399613,10.824442289039768
8476765.0,2.863055555555556,11.79,0.1953896608595098,11.723379651570587
8476779.0,0.59,1.8152777777777778,0.24529391384686453,14.717634830811871
8476792.0,22.39944444444445,53.669444444444444,0.29446262160030384,17.66775729601823
8476798.0,0.2186111111111111,1.5016666666666667,0.12707896011626027,7.624737606975616
8476799.0,0.3005555555555556,0.7116666666666666,0.2969264544456642,17.81558726673985
8476805.0,0.09027777777777778,0.7502777777777777,0.10740251156642433,6.44415069398546
8476806.0,12.863055555555556,41.20250000000001,0.23791590456030742,14.274954273618444
8476808.0,15.577500000000002,48.35194444444446,0.2436670635162027,14.620023810972162
8476819.0,1.873888888888889,12.01472222222222,0.1349226984539691,8.095361907238146
8476822.0,11.014722222222222,37.02222222222222,0.22929689532940503,13.757813719764302
8476827.0,1.863611111111111,6.597777777777777,0.22024884278257448,13.214930566954468
8476850.0,18.22861111111111,36.88138888888887,0.33076775741446407,19.846065444867843
8476851.0,14.25666666666667,39.92499999999999,0.2631271340244241,15.787628041465446
8476853.0,17.786388888888894,39.650000000000006,0.3096710854036592,18.58026512421955
8476854.0,23.40944444444444,46.22972222222223,0.3361534257940733,20.1692055476444
8476855.0,12.167222222222218,36.43083333333333,0.25036438357730356,15.021863014638214
8476856.0,2.3141666666666665,7.904166666666667,0.2264720274017289,13.588321644103733
8476871.0,8.483888888888888,30.515555555555554,0.21753871137765493,13.052322682659296
8476874.0,23.100277777777777,48.863888888888894,0.32099694678292817,19.25981680697569
8476878.0,15.129166666666675,41.661388888888915,0.2664028643260323,15.984171859561936
8476879.0,10.778055555555557,27.622500000000002,0.2806744694087181,16.840468164523084
8476880.0,10.586944444444445,54.210555555555565,0.16338507572737285,9.803104543642371
8476881.0,9.396944444444449,26.134999999999994,0.26446468357893926,15.867881014736355
8476882.0,0.6319444444444444,2.095833333333333,0.23167006109979632,13.90020366598778
8476885.0,17.98833333333334,33.38777777777778,0.3501303026698532,21.007818160191192
8476887.0,2.0788888888888892,8.537222222222221,0.19582395729760851,11.74943743785651
8476888.0,3.1486111111111112,11.370000000000001,0.21686723936709584,13.012034362025751
8476925.0,2.847777777777778,11.773333333333335,0.1947716391823087,11.686298350938522
8476931.0,1.646388888888889,4.0024999999999995,0.2914535798583793,17.48721479150276
8476941.0,8.167777777777777,19.45416666666667,0.2956988706644274,17.741932239865644
8476975.0,1.1588888888888889,4.2444444444444445,0.2144766604976352,12.868599629858112
8477059.0,10.894999999999994,36.33555555555555,0.23067693936364164,13.840616361818498
8477082.0,0.5316666666666666,1.9186111111111113,0.21698220156444845,13.018932093866907
8477126.0,6.272500000000001,22.917500000000004,0.21488523466940732,12.89311408016444
8477201.0,0.8011111111111112,6.260555555555555,0.11344504759656991,6.806702855794195
8477205.0,11.02333333333333,25.833055555555553,0.29908880564955564,17.94532833897334
8477214.0,0.7113888888888888,1.7774999999999999,0.2858258928571428,17.14955357142857
8477215.0,19.486944444444447,36.07611111111111,0.3507176531168293,21.043059187009757
8477220.0,8.019444444444444,14.490277777777774,0.3562658110692911,21.375948664157466
8477227.0,1.9813888888888886,10.85638888888889,0.15434048814263454,9.260429288558072
8477228.0,0.36944444444444446,1.3919444444444444,0.209746096830153,12.58476580980918
8477244.0,5.511666666666666,11.605555555555554,0.32199539125636945,19.319723475382165
8477289.0,12.983333333333334,30.785277777777775,0.2966357168696491,17.798143012178947
8477290.0,13.540833333333333,44.39277777777776,0.233730179659668,14.02381077958008
8477492.0,21.135833333333327,50.21472222222223,0.2962252104242744,17.773512625456465
8477493.0,11.950833333333335,30.78805555555557,0.27962433380995705,16.777460028597424
8477495.0,19.80749999999999,42.79250000000001,0.31641373801916917,18.98482428115015
8477496.0,11.197777777777777,35.81222222222223,0.23819991018459424,14.291994611075655
8477497.0,16.143055555555556,44.63222222222223,0.2656187868788021,15.937127212728125
8477499.0,9.030833333333334,18.893611111111113,0.3234024351424479,19.404146108546872
8477501.0,18.651944444444446,48.34305555555557,0.2784080072310537,16.70448043386322
8477507.0,1.8519444444444444,3.998611111111111,0.31654163897065807,18.992498338239486
8477666.0,0.9674999999999999,3.7991666666666664,0.20297202797202796,12.178321678321677
8477814.0,3.388333333333333,6.430277777777778,0.345092935751266,20.70557614507596
8477816.0,0.3938888888888889,1.2541666666666667,0.23900219113433338,14.340131468060003
8477832.0,0.17055555555555554,0.7775,0.17990038089657193,10.794022853794315
8477836.0,0.30916666666666665,1.3222222222222222,0.18951132300357568,11.37067938021454
8477847.0,0.9341666666666668,4.329722222222222,0.177467018469657,10.648021108179421
8477850.0,0.25027777777777777,0.4497222222222222,0.35753968253968255,21.452380952380953
